operation	throughput
GET	103.305790
SET	213.675220
GET	103.466370
SET	157.240835
GET	118.214407
SET	150.677750
GET	114.540720
SET	152.193265
GET	120.368210
SET	141.285860
